"word","freqency"
"علم",942
"سير",901
"مخطوط",609
"مطبوع",605
"اخبار",574
"افكار",572
"اجتماع",489
"عرب",98
"ص",80
"سن",73
"اسلام",68
"تاريخ",65
"مجل",61
"كتاب",60
"طبع",58
"بمطبع",56
"تعليم",55
"كتب",50
"مصر",50
"ترب",48
"لغ",47
"جديد",46
"صح",46
"صدور",39
"مشارق",37
"مغارب",37
"مقال",37
"تدبير",36
"عالم",32
"افند",29
"حكم",28
"اميركا",27
"دين",27
"رسائل",27
"افرنج",26
"مطبع",26
"صحف",25
"صناع",25
"مدارس",25
"ابن",24
"انكليز",24
"حيا",24
"محمد",24
"منس",24
"حرب",23
"عبد",22
"شرق",21
"غرب",21
"نسا",21
"ياب",21
"تاليف",20
"شيخ",20
"مدرس",20
"مرا",20
"تجار",19
"ديو",19
"عثمان",19
"امم",18
"عمل",18
"نفق",18
"مانيا",17
"اخلاق",16
"حديد",16
"شعر",16
"مكتب",16
"اب",15
"احمد",15
"اداب",15
"اميرك",15
"بمصر",15
"عمر",15
"قضا",15
"لبن",15
"مدن",15
"اثار",14
"اطفال",14
"اولاد",14
"جن",14
"نهض",14
"ادب",13
"صين",13
"عام",13
"عامل",13
"فرنسا",13
"هند",13
"ارض",12
"انتقاد",12
"انس",12
"بلاد",12
"طبق",12
"علما",12
"فن",12
"قديم",12
"مجموع",12
"مدين",12
"نظر",12
"هجر",12
"اكتشاف",11
"بشر",11
"بيروت",11
"جمال",11
"حال",11
"حضار",11
"زراع",11
"سور",11
"شام",11
"شمس",11
"صحاف",11
"مستقبل",11
"مسلم",11
"نب",11
"هوا",11
"ال",10
"المان",10
"امريكا",10
"ترجم",10
"جراب",10
"جمع",10
"حديث",10
"دروس",10
"ذهب",10
"رحل",10
"علوم",10
"مختلف",10
"نفاض",10
"ورق",10
"اصل",9
"اقتصاد",9
"اكل",9
"انكلترا",9
"بحر",9
"بلد",9
"تمثيل",9
"جامع",9
"جرائد",9
"سياس",9
"سيد",9
"شعرا",9
"عمي",9
"غرائب",9
"فلسف",9
"قان",9
"قرن",9
"كلي",9
"متحد",9
"معارف",9
"معجم",9
"موسيقى",9
"نظام",9
"ه",9
"ادبا",8
"ارشاد",8
"اسكندر",8
"اوربا",8
"ايطاليا",8
"بلاغ",8
"تلف",8
"ثان",8
"حسن",8
"خطوط",8
"دول",8
"رسال",8
"روم",8
"رياض",8
"سكر",8
"شرح",8
"شعب",8
"طبعت",8
"طول",8
"عرف",8
"فيالمطبع",8
"كهربائ",8
"لاب",8
"لابن",8
"مجلاتالمجل",8
"مقتبس",8
"ملك",8
"ملوك",8
"نوم",8
"يون",8
"اثر",7
"اصلاح",7
"اعمال",7
"تصوير",7
"تعريب",7
"تقرير",7
"تقويم",7
"ثرو",7
"جرذ",7
"حر",7
"حروب",7
"زيد",7
"ساع",7
"سعيد",7
"سل",7
"سويسرا",7
"سياح",7
"صفح",7
"طبوع",7
"عصر",7
"عقل",7
"غاب",7
"فيمطبع",7
"ماض",7
"مجمع",7
"مكاتب",7
"منزل",7
"نشر",7
"وصف",7
"ولاي",7
"ابراهيم",6
"احيا",6
"اشرب",6
"اعلام",6
"اكبر",6
"الله",6
"امال",6
"اموال",6
"تاليفاحمد",6
"تاليفالشيخ",6
"ثلاث",6
"جنس",6
"جواهر",6
"جيش",6
"حاضر",6
"حجر",6
"حمى",6
"دمشق",6
"روح",6
"روض",6
"سك",6
"سكك",6
"سلام",6
"سليم",6
"طعام",6
"طيور",6
"عاد",6
"عدد",6
"غلا",6
"فقرا",6
"فلاسف",6
"قر",6
"قرا",6
"كاثوليك",6
"كبرى",6
"كلم",6
"ماد",6
"محسن",6
"محصول",6
"محفوظ",6
"مسكر",6
"مصري",6
"مطالع",6
"معادن",6
"ناد",6
"نبات",6
"نخب",6
"نقل",6
"وطن",6
"يابان",6
"ابيض",5
"احصا",5
"اديب",5
"اسبرانتو",5
"استعمار",5
"اصول",5
"اطبا",5
"افريق",5
"الكحول",5
"الم",5
"انشا",5
"اهل",5
"بائس",5
"بنشر",5
"بيض",5
"بيوت",5
"تاثير",5
"تحف",5
"تدخ",5
"تطهير",5
"تلغراف",5
"تهذيب",5
"جراثيم",5
"جغرافيا",5
"حبوب",5
"حس",5
"حما",5
"حمام",5
"حي",5
"حيوان",5
"خشب",5
"خير",5
"دار",5
"درس",5
"رافع",5
"روا",5
"روسيا",5
"سعاد",5
"سم",5
"سود",5
"شقا",5
"شيع",5
"صاحب",5
"صغير",5
"صنائع",5
"صيني",5
"طب",5
"طريق",5
"عبر",5
"عشر",5
"عين",5
"غرف",5
"غريب",5
"فوائد",5
"فيحا",5
"فينيقي",5
"قصيد",5
"قهو",5
"كاتب",5
"كيف",5
"لحم",5
"مؤلف",5
"مال",5
"متفرق",5
"متوفى",5
"مختار",5
"مرض",5
"مسال",5
"مطاط",5
"معاهد",5
"مقاوم",5
"منازل",5
"منوع",5
"موت",5
"نادر",5
"نبا",5
"نصائح",5
"نفس",5
"هب",5
"يمن",5
"اديس",4
"ارتقا",4
"ازال",4
"اسما",4
"اشتراك",4
"اشجار",4
"اعراب",4
"اعظم",4
"امريك",4
"امه",4
"انتحار",4
"اهليةفيبيروتسن",4
"اين",4
"بابل",4
"برد",4
"بريد",4
"بغداد",4
"بكر",4
"بي",4
"تق",4
"تمدن",4
"ثالث",4
"جاهل",4
"جديدت",4
"جريد",4
"جز",4
"جماع",4
"جيوش",4
"حفظ",4
"حق",4
"حوادث",4
"حيو",4
"خاتم",4
"خبز",4
"خزان",4
"خطاب",4
"دائر",4
"دكتور",4
"دليل",4
"دوا",4
"ديار",4
"راس",4
"رحمن",4
"شاعر",4
"شجر",4
"شريع",4
"شعوب",4
"طباع",4
"طبيع",4
"عباس",4
"علا",4
"عمال",4
"عموم",4
"عناصر",4
"غبار",4
"غذا",4
"فاتح",4
"فاضل",4
"فتح",4
"فجائع",4
"فرنسيس",4
"فقر",4
"فكر",4
"فنادق",4
"فيمجل",4
"قاهر",4
"قتيب",4
"قصر",4
"قو",4
"كلاب",4
"كلام",4
"لحوم",4
"لويس",4
"م",4
"مؤيد",4
"مترجم",4
"مداوا",4
"مذاهب",4
"مستعمر",4
"مشرقي",4
"مصور",4
"مضار",4
"معر",4
"معرف",4
"معلق",4
"معمر",4
"منتخب",4
"ميت",4
"ميكروب",4
"ناس",4
"نجاح",4
"نزه",4
"نشو",4
"نصران",4
"نظم",4
"نوام",4
"وقف",4
"اباد",3
"ابحاث",3
"ابو",3
"اتحاد",3
"اتقا",3
"احس",3
"احوال",3
"اسبانيا",3
"استقلال",3
"اسر",3
"اسن",3
"اسيا",3
"اصقاع",3
"اضداد",3
"اعمار",3
"افرنس",3
"افي",3
"اقدم",3
"القاب",3
"امبراطور",3
"امراض",3
"انتفاع",3
"انحطاط",3
"اند",3
"اندلس",3
"انسان",3
"اوائل",3
"اوروبا",3
"اوق",3
"اولى",3
"ايطال",3
"ايقاظ",3
"بابن",3
"بترول",3
"بحار",3
"بحير",3
"بر",3
"برتقال",3
"برق",3
"بستان",3
"بسط",3
"بقر",3
"بقول",3
"بنت",3
"بولوني",3
"تبادل",3
"تبدل",3
"تبي",3
"تسامح",3
"تفنن",3
"تقدم",3
"تنز",3
"تولستو",3
"تونس",3
"جبا",3
"جبل",3
"جرائم",3
"جراد",3
"جغراف",3
"جليل",3
"جول",3
"جوهر",3
"حب",3
"حجاز",3
"حرك",3
"حسب",3
"حقيق",3
"حكوم",3
"حم",3
"حماس",3
"خالد",3
"خط",3
"خطب",3
"خطر",3
"خطيب",3
"خواطر",3
"دخ",3
"دخيل",3
"درر",3
"دور",3
"ديان",3
"ذخائر",3
"ذكر",3
"ذمي",3
"رابع",3
"راح",3
"رجال",3
"رشد",3
"رواي",3
"روس",3
"ري",3
"ريحان",3
"زواج",3
"سادس",3
"سجل",3
"سرع",3
"سفن",3
"سقوط",3
"سكان",3
"سلط",3
"سلك",3
"سما",3
"سمك",3
"سوري",3
"سينماتوغراف",3
"شبيب",3
"شرائع",3
"شرب",3
"شرك",3
"شلال",3
"شنقيط",3
"شهاب",3
"شهبا",3
"صحرا",3
"صحيح",3
"صلاح",3
"صم",3
"صور",3
"صيدا",3
"ضار",3
"ضرائب",3
"ضيا",3
"طلاق",3
"طلب",3
"ظلم",3
"عثم",3
"عجائب",3
"عجيب",3
"عراق",3
"عزيز",3
"عظما",3
"عظيم",3
"غنى",3
"فتوى",3
"فراعن",3
"فرد",3
"فرق",3
"فرنس",3
"فصيح",3
"فض",3
"فلاح",3
"قا",3
"قاسم",3
"قاض",3
"قاموس",3
"قدس",3
"قرى",3
"قسم",3
"قطب",3
"قطر",3
"قف",3
"قلب",3
"كبير",3
"كحول",3
"كربلا",3
"كمال",3
"لؤلؤ",3
"لاسلك",3
"لباب",3
"لس",3
"مؤتمر",3
"مبادئ",3
"متعلم",3
"مجرم",3
"مجلت",3
"محاسن",3
"محاضر",3
"مدفع",3
"مدون",3
"مركب",3
"مستنصر",3
"مسيو",3
"مطاعم",3
"مطالب",3
"معامل",3
"معروف",3
"معلم",3
"مقدس",3
"ممالك",3
"مملك",3
"مناطيد",3
"منور",3
"مهاجر",3
"مهندس",3
"ميز",3
"نابلي",3
"نافع",3
"نروج",3
"نفقةالمكتب",3
"نقد",3
"نهج",3
"نيل",3
"هدا",3
"هل",3
"هلالبمصرسن",3
"ولد",3
"ياباني",3
"يسوع",3
"يل",3
"يهود",3
"يوسف",3
"ابا",2
"ابتدائ",2
"ابد",2
"ابدع",2
"ابطال",2
"ابي",2
"اتوموبيل",2
"اجانب",2
"اجنب",2
"اجوب",2
"اجور",2
"احتكار",2
"احدى",2
"احمر",2
"اختراع",2
"اختلاف",2
"اخو",2
"اخير",2
"ادار",2
"ادبي",2
"ادو",2
"ادي",2
"ارا",2
"ارتورك",2
"ارق",2
"ارواح",2
"اريب",2
"ازهر",2
"اساليب",2
"اسباب",2
"اسبان",2
"استاذالشيخطاهرالجزائر",2
"استشفا",2
"استعمال",2
"اسرائيل",2
"اسرار",2
"اسراف",2
"اسطول",2
"اسعار",2
"اسكا",2
"اسماعيل",2
"اسو",2
"اشار",2
"اشيا",2
"اضوا",2
"اطال",2
"اعار",2
"اعدا",2
"اعدام",2
"اعشى",2
"اعلان",2
"اعماق",2
"اغاث",2
"اغلاط",2
"اغنيا",2
"افغ",2
"اق",2
"الب",2
"الحاد",2
"العاب",2
"الفاظ",2
"امار",2
"امو",2
"امي",2
"اميركي",2
"اميركيا",2
"انبار",2
"انتشار",2
"انتظام",2
"انفس",2
"اهليةفيبيروتص",2
"اورب",2
"اوربي",2
"اوروب",2
"اوغست",2
"اولا",2
"اولي",2
"اوهام",2
"ايام",2
"اير",2
"ايضاح",2
"بئر",2
"باب",2
"بابلي",2
"باحث",2
"بارود",2
"باريز",2
"باشا",2
"بتصحيح",2
"بحث",2
"بدائع",2
"بدر",2
"بدمشق",2
"بدمشقسن",2
"بدن",2
"بشير",2
"بطرس",2
"بعث",2
"بقع",2
"بكتيريا",2
"بلق",2
"بمعجم",2
"بندق",2
"بنفق",2
"بيزر",2
"بيطار",2
"تاليفالسيد",2
"تاليفالشيخجمال",2
"تاليفالمسيو",2
"تاليفعبد",2
"تاليففوزيبكالعظمطبع",2
"تاليفمحمد",2
"تبت",2
"تتغنى",2
"تجدد",2
"تحريف",2
"تذكار",2
"تراب",2
"ترقيبدمشق",2
"ترقيبدمشقسن",2
"ترك",2
"تسترد",2
"تصحيح",2
"تعقيم",2
"تعلم",2
"تغذ",2
"تفاضل",2
"تقادير",2
"تقبيل",2
"تلقيح",2
"تلميذ",2
"تماسيح",2
"تنفس",2
"تنويم",2
"تهزيل",2
"توحيد",2
"تورا",2
"توطئ",2
"توفير",2
"ثقل",2
"ثور",2
"جاذب",2
"جراح",2
"جرج",2
"جزائر",2
"جزر",2
"جزير",2
"جسم",2
"جمعي",2
"جمهر",2
"جميل",2
"جندل",2
"جودت",2
"جون",2
"جير",2
"حاجي",2
"حافظ",2
"حبر",2
"حبش",2
"حدائق",2
"حديق",2
"حرف",2
"حرير",2
"حريق",2
"حزم",2
"حسين",2
"حصاد",2
"حقائق",2
"حكما",2
"حكيم",2
"حلق",2
"حليب",2
"حمو",2
"حميد",2
"حنط",2
"حواس",2
"حوران",2
"خارط",2
"خازن",2
"خامس",2
"خرائب",2
"خسائر",2
"خصب",2
"خلا",2
"خلق",2
"خيار",2
"دارس",2
"دروز",2
"دعا",2
"دقائق",2
"دماغ",2
"دنيا",2
"دينالقاسم",2
"دينالقاسميطبع",2
"ذباب",2
"ذكا",2
"ذكرى",2
"ذيل",2
"را",2
"راديوم",2
"راع",2
"راغب",2
"رب",2
"رتب",2
"رجل",2
"رد",2
"رزاق",2
"رسم",2
"رق",2
"رمز",2
"رمل",2
"رومان",2
"رومانيا",2
"زجاج",2
"زحاف",2
"زم",2
"زمن",2
"زنوج",2
"زهور",2
"زوج",2
"سجن",2
"سجنا",2
"سخا",2
"سدوم",2
"سر",2
"سريع",2
"سع",2
"سعادةبمصرسن",2
"سفر",2
"سفين",2
"سلفيةفيالقاهرةص",2
"سماد",2
"سماع",2
"سموال",2
"سميثون",2
"سميثونيعنسن",2
"سويد",2
"سيئ",2
"سيئات",2
"سيل",2
"شا",2
"شباب",2
"شرط",2
"شرف",2
"شرقي",2
"شريف",2
"شعرى",2
"شمال",2
"شهر",2
"شهير",2
"شواذ",2
"شيخو",2
"صالح",2
"صحاب",2
"صحافي",2
"صدر",2
"صرعى",2
"صرف",2
"صغار",2
"صفر",2
"صوت",2
"صي",2
"صيد",2
"ضخم",2
"ضرا",2
"ضم",2
"ضو",2
"طالب",2
"طبيب",2
"طرابلس",2
"طرب",2
"طرف",2
"طرق",2
"طفيل",2
"طلاب",2
"طلي",2
"طليان",2
"طماطم",2
"ظريف",2
"عاصم",2
"عبث",2
"عثماني",2
"عرو",2
"عز",2
"عزت",2
"عظم",2
"عظمى",2
"عقد",2
"عقلا",2
"عقود",2
"علائم",2
"علاج",2
"علو",2
"عم",2
"عنو",2
"عود",2
"عي",2
"غا",2
"غلط",2
"غنا",2
"فا",2
"فاكه",2
"فتي",2
"فحم",2
"فرس",2
"فرص",2
"فرع",2
"فرنسو",2
"فريد",2
"فضل",2
"فطر",2
"فق",2
"فقير",2
"فو",2
"فود",2
"فولاذ",2
"فياميركا",2
"فيانكلترا",2
"فيبيروتسن",2
"فيحابدمشقسن",2
"فيلسوف",2
"فيوم",2
"قائد",2
"قادر",2
"قدر",2
"قرطب",2
"قطار",2
"قطع",2
"قطن",2
"قلم",2
"قوى",2
"كارنيج",2
"كبار",2
"كبرا",2
"كثلك",2
"كريت",2
"كريم",2
"كلب",2
"كنز",2
"كنى",2
"كون",2
"كيت",2
"لام",2
"لامع",2
"لشيخ",2
"لطف",2
"لمصر",2
"لياقوت",2
"ليبسيك",2
"مؤنث",2
"ماردين",2
"ماكل",2
"مباحث",2
"متحف",2
"متنب",2
"مثال",2
"مجان",2
"مجتمع",2
"مجتهد",2
"مجد",2
"مجر",2
"مجلد",2
"مجهر",2
"مجهول",2
"مح",2
"مدارسهم",2
"مدارك",2
"مذكر",2
"مراد",2
"مرام",2
"مرتضى",2
"مرسل",2
"مزدوج",2
"مزرع",2
"مستشفي",2
"مشرق",2
"مص",2
"مصارف",2
"مصالح",2
"مصطفى",2
"معد",2
"معدل",2
"معدن",2
"معرب",2
"معلوف",2
"معيار",2
"معيش",2
"مغمض",2
"مغن",2
"مفرد",2
"مفقود",2
"مقادير",2
"مقاصد",2
"مقام",2
"مقصور",2
"مقعد",2
"مقفع",2
"مك",2
"ملاه",2
"ملح",2
"مناهج",2
"منثور",2
"منقول",2
"منهج",2
"منهل",2
"موتى",2
"موريس",2
"موظف",2
"ناشر",2
"نبو",2
"نتائج",2
"نصيح",2
"نعام",2
"نفوس",2
"نقائص",2
"نمسا",2
"نها",2
"نواب",2
"نور",2
"نوع",2
"هائل",2
"هدى",2
"هلال",2
"هندس",2
"هنود",2
"وثقى",2
"وش",2
"وهران",2
"يؤلف",2
"يتيم",2
"يق",2
"ابر",1
"ابصار",1
"ابعاد",1
"ابلويسمعلوفاليسوع",1
"ابنا",1
"ابناهم",1
"ات",1
"اترابنا",1
"اتراك",1
"اتفاق",1
"اتكال",1
"اثقال",1
"اثقل",1
"اثمار",1
"اثمن",1
"اجتياز",1
"اجداث",1
"اجراس",1
"اجزا",1
"اجسام",1
"اجنيل",1
"اجياد",1
"اجيال",1
"احاط",1
"احترام",1
"احتفا",1
"احتفال",1
"احتلام",1
"احجار",1
"احداث",1
"احرار",1
"احكام",1
"احمال",1
"اخبارغرناط",1
"اختفا",1
"اختيار",1
"اخر",1
"اخصا",1
"اخطار",1
"اخويهبكر",1
"اد",1
"ادا",1
"ادابسن",1
"ادابفيبغدادعلى",1
"ادبار",1
"ادبانابلسج",1
"ادبيةسن",1
"ادبيةفيبيروت",1
"ادراك",1
"ادريس",1
"ادعيا",1
"ادل",1
"ادوا",1
"اذواق",1
"اراض",1
"ارامي",1
"ارب",1
"ارباح",1
"اربع",1
"ارتقائ",1
"ارثوذكسيةبدمشقص",1
"ارجل",1
"اردن",1
"ارديا",1
"اركيولوجيا",1
"ارمن",1
"اري",1
"ارياف",1
"اريد",1
"اريق",1
"ازدشير",1
"ازدهار",1
"ازرق",1
"ازهار",1
"ازيا",1
"اساتذ",1
"اساس",1
"اساقف",1
"اسباني",1
"اسبوع",1
"استئناس",1
"استاذ",1
"استاذد",1
"استاذمونثهمن",1
"استحال",1
"استحمام",1
"استخرجهاحدعلما",1
"استرداد",1
"استصباح",1
"استعار",1
"استيام",1
"اسحق",1
"اسرائيلي",1
"اسفل",1
"اسفنج",1
"اسكيروسترجمهعبد",1
"اسلاك",1
"اسلوب",1
"اسم",1
"اسماك",1
"اسوج",1
"اسود",1
"اسيو",1
"اشتقاق",1
"اشتيام",1
"اشد",1
"اشراف",1
"اشع",1
"اشعار",1
"اشوري",1
"اصاب",1
"اصحابهامصطفى",1
"اصفر",1
"اصلاحبدمشق",1
"اصلاححور",1
"اصمعينشرهالابلويسشيخوطبع",1
"اضخم",1
"اطباق",1
"اطن",1
"اظافر",1
"اعاجيب",1
"اعال",1
"اعان",1
"اعتبار",1
"اعتصاب",1
"اعشاب",1
"اعلى",1
"اعمق",1
"اعنفاتح",1
"اغان",1
"اغنى",1
"اغنياؤنا",1
"اغوار",1
"افاد",1
"افراد",1
"افرنسيةالابانستاسماريالكرمل",1
"افسلام",1
"افضل",1
"افنديطبعت",1
"افنديوعيسى",1
"اقباط",1
"اقتراح",1
"اقترع",1
"اقتصادي",1
"اقزام",1
"اقسام",1
"اقطارالقاضيمحمدبنعليبنمحمدالشوكانيالمتوفى",1
"اقلام",1
"اقمش",1
"اقويا",1
"اكاذيب",1
"اكتنا",1
"اكرام",1
"اكس",1
"الام",1
"البس",1
"الح",1
"الفيطبع",1
"اله",1
"الو",1
"امافيسنقافوراسن",1
"امان",1
"امتياز",1
"امثال",1
"امجاد",1
"امرا",1
"امريكيا",1
"امس",1
"امصار",1
"اموي",1
"اميرس",1
"اميل",1
"اناضول",1
"انام",1
"انبا",1
"انتبا",1
"انتخاب",1
"انتروبوسالانسانفيالنمسا",1
"انتصار",1
"انتقال",1
"انتقام",1
"انتهى",1
"اندرو",1
"اندلسي",1
"اندلسيالمتوفى",1
"انساب",1
"انسابللمعان",1
"انسج",1
"انشاد",1
"انفعال",1
"انقاذ",1
"انقراض",1
"انقضا",1
"انقلاب",1
"انكح",1
"انكلتراوالسلام",1
"انكلتراوالشا",1
"انكلوسكسون",1
"انو",1
"انوار",1
"انور",1
"اهليةف",1
"اهليةفيالمطبع",1
"اهم",1
"اهو",1
"اوبر",1
"اوراق",1
"اورن",1
"اوروبي",1
"اوستراليا",1
"اوسكار",1
"اوسم",1
"اوضاع",1
"اوعلم",1
"اوقاف",1
"اولادنا",1
"اولادهم",1
"اولتعريباحمد",1
"اولفيمطبعةحماةسن",1
"اياك",1
"ايامى",1
"ايت",1
"ايد",1
"ايم",1
"بائد",1
"بابك",1
"باتن",1
"باخبار",1
"باخر",1
"باد",1
"بارز",1
"باسبانيا",1
"باسطالفاخوريطبع",1
"باسما",1
"باشبيل",1
"باشلس",1
"باط",1
"باعتبار",1
"باق",1
"بالا",1
"بانحطاط",1
"باهر",1
"باوربا",1
"باولوالبرازيل",1
"باولومنبلاد",1
"بايطالياللسنيور",1
"ببارود",1
"بباريز",1
"ببغداد",1
"ببغدادفيمطبع",1
"بتربيتهالشيخ",1
"بتصحيحهالسيد",1
"بتصحيحهالمكتب",1
"بتصرف",1
"بحق",1
"بحقوقهن",1
"بخبر",1
"بختنصر",1
"بخلا",1
"بد",1
"بدا",1
"بدرانطبع",1
"بديع",1
"بديو",1
"برابرةبوليفيا",1
"برازيلص",1
"براميل",1
"برتستانت",1
"برج",1
"بردس",1
"بردنشرهالاستاذ",1
"برزخ",1
"برل",1
"برنابا",1
"بريطان",1
"بريطانيا",1
"بريغهام",1
"بساط",1
"بسام",1
"بستانيبمصرسن",1
"بستيالمتوفى",1
"بسيكومتر",1
"بصائر",1
"بصر",1
"بصل",1
"بصوت",1
"بضع",1
"بطائح",1
"بطاطا",1
"بطال",1
"بطبع",1
"بطرسحلو",1
"بطريرك",1
"بع",1
"بعال",1
"بعالم",1
"بعدقرا",1
"بعلبك",1
"بعوض",1
"بغ",1
"بقا",1
"بقاع",1
"بقايا",1
"بقلم",1
"بكوتعريبعبد",1
"بكور",1
"بلاط",1
"بلاطبتونسسن",1
"بلبل",1
"بلجيك",1
"بلجيكا",1
"بلدي",1
"بلغ",1
"بلغا",1
"بلفيق",1
"بلوغ",1
"بليغ",1
"بمب",1
"بمثلث",1
"بمجامع",1
"بمدرس",1
"بمصرسن",1
"بمصرعلى",1
"بمطابع",1
"بمطبعةبريلفيليدنسن",1
"بمطبعتهص",1
"بمطلع",1
"بمطلعةدار",1
"بناي",1
"بندور",1
"بنسخ",1
"بنفقةالمكتب",1
"بهاابو",1
"بهج",1
"بواخر",1
"بوارج",1
"بواكير",1
"بوتاس",1
"بودابست",1
"بورتوريكو",1
"بورص",1
"بورك",1
"بوسن",1
"بولونيا",1
"بوليتزر",1
"بويع",1
"بيتر",1
"بيروتسن",1
"بينالقاهرةوالراس",1
"تاثر",1
"تاديب",1
"تاريخابن",1
"تاسع",1
"تاليفاب",1
"تاليفاحدعلما",1
"تاليفاحمدزكيباشا",1
"تاليفالاب",1
"تاليفالاميرمحمدباشاالحسن",1
"تاليفالشيخطاهرالجزائريطبع",1
"تاليفالشيخمحمدجمال",1
"تاليفالشيخمصطفىالغلايينيطبع",1
"تاليفجبرائيل",1
"تاليفجرج",1
"تاليفجرجيافنديزيداننقل",1
"تاليفجرجيبكزيدانصاحبالهلالالجز",1
"تاليفجميل",1
"تاليفسام",1
"تاليفعيسىافندياسكندرالمعلوف",1
"تاليفف",1
"تاليفمحمودافنديالحمزاويطبع",1
"تاليفنامق",1
"تان",1
"تاويل",1
"تباريح",1
"تباعا",1
"تبخير",1
"تبذير",1
"تبر",1
"تبرج",1
"تبريد",1
"تبشير",1
"تبلغ",1
"تتكلم",1
"تثاؤب",1
"تجارب",1
"تجديد",1
"تح",1
"تحالف",1
"تحبو",1
"تحتو",1
"تحرير",1
"تحريم",1
"تحس",1
"تحشى",1
"تحصيل",1
"تحقيق",1
"تحليل",1
"تحول",1
"تخرج",1
"تخميس",1
"تدريس",1
"تدفئ",1
"تدقيق",1
"تدوير",1
"تذكر",1
"تذييل",1
"تراجع",1
"تراجم",1
"تراسل",1
"ترتيب",1
"ترجمةعل",1
"ترع",1
"ترغيب",1
"ترف",1
"ترقيبدمشقعام",1
"تركست",1
"تركيا",1
"تركيةزك",1
"ترهيب",1
"تروترشاستي",1
"ترويض",1
"تزداد",1
"تسريح",1
"تسم",1
"تسمم",1
"تسميم",1
"تشاد",1
"تشريع",1
"تشغيل",1
"تشكيل",1
"تشو",1
"تصاد",1
"تصحيف",1
"تصريف",1
"تصعيد",1
"تطبيب",1
"تطور",1
"تعا",1
"تعاويذ",1
"تعب",1
"تعجيل",1
"تعليل",1
"تغميز",1
"تفاح",1
"تفاسير",1
"تفتيش",1
"تفروز",1
"تفسير",1
"تفق",1
"تفوق",1
"تقارير",1
"تقريب",1
"تقلبات",1
"تقليد",1
"تقهقر",1
"تقويمالمؤيد",1
"تكافل",1
"تكاليف",1
"تكثير",1
"تكريم",1
"تكليف",1
"تلامذ",1
"تلخيص",1
"تلو",1
"تمتم",1
"تمثال",1
"تمثل",1
"تمدح",1
"تموز",1
"تمييز",1
"تناسل",1
"تنب",1
"تنظيف",1
"تنقيب",1
"تنيرطبع",1
"تنيرومحمد",1
"تهاب",1
"تهذيبيالولد",1
"تواريخ",1
"توج",1
"توغراف",1
"توف",1
"توفيق",1
"توق",1
"تونسيةبنهجسوق",1
"تياث",1
"تيسير",1
"تيفوئيد",1
"تيم",1
"تيمور",1
"ثالثص",1
"ثامن",1
"ثانيةفي",1
"ثانيطبععلى",1
"ثانيعشرالهجر",1
"ثرثر",1
"ثقاب",1
"ثلج",1
"ثلوج",1
"ثمار",1
"ثمن",1
"ثوم",1
"ثيب",1
"ج",1
"جابلص",1
"جابلصا",1
"جابلق",1
"جابلقا",1
"جاحظ",1
"جالينوس",1
"جامعةباريز",1
"جامعةفيالبتر",1
"جب",1
"جبار",1
"جبرائيل",1
"جبن",1
"جبير",1
"جدد",1
"جدعونفيبيروت",1
"جدعونفيبيروتسن",1
"جدول",1
"جرجس",1
"جرحى",1
"جرمانيا",1
"جرى",1
"جريدةالشرق",1
"جريدةالهدىاليوميةف",1
"جريدةبمصرسن",1
"جريدةفيمصرسن",1
"جزا",1
"جزائريطبع",1
"جسر",1
"جع",1
"جغطا",1
"جلد",1
"جلس",1
"جليد",1
"جماجم",1
"جماليةبمصرعلى",1
"جماليومحمد",1
"جمعجرجيافندينقولابازطبع",1
"جملةالشيخ",1
"جمهور",1
"جميع",1
"جنائزهم",1
"جناز",1
"جناي",1
"جنيعن",1
"جهد",1
"جهدا",1
"جهر",1
"جهنم",1
"جهور",1
"جوائز",1
"جواب",1
"جوارب",1
"جوالطقس",1
"جوامع",1
"جوب",1
"جورب",1
"جورج",1
"جوزيف",1
"جوع",1
"جوعا",1
"جونس",1
"جويد",1
"جياد",1
"جيلان",1
"جيمس",1
"حائق",1
"حاتم",1
"حاج",1
"حارس",1
"حاسب",1
"حاصل",1
"حاضن",1
"حاك",1
"حالتنا",1
"حامض",1
"حان",1
"حبيب",1
"حثي",1
"حج",1
"حد",1
"حديدالمجلد",1
"حرار",1
"حرق",1
"حسر",1
"حضارةبطرابلس",1
"حضرميالاستاذ",1
"حفاظ",1
"حفل",1
"حفيد",1
"حقوق",1
"حكا",1
"حكام",1
"حكمت",1
"حل",1
"حلاق",1
"حماةسن",1
"حماد",1
"حمد",1
"حمص",1
"حمل",1
"حملايا",1
"حمول",1
"حموي",1
"حمويطبعالجز",1
"حميدالكاتب",1
"حميدالمخلوع",1
"حنابل",1
"حناط",1
"حنف",1
"حنفيالمتوفى",1
"حنيف",1
"حوض",1
"حيات",1
"حيفا",1
"خادع",1
"خادم",1
"خاص",1
"خالدي",1
"خالص",1
"خانج",1
"خانجيواخيهص",1
"خث",1
"خدام",1
"خرائط",1
"خراف",1
"خريط",1
"خزائن",1
"خزن",1
"خصوصا",1
"خصوم",1
"خضر",1
"خطا",1
"خطاط",1
"خطيبطبع",1
"خفق",1
"خل",1
"خلاف",1
"خلدون",1
"خلع",1
"خلنج",1
"خليل",1
"خلينج",1
"خمر",1
"خمس",1
"خناق",1
"خور",1
"خورياسطف",1
"خوزست",1
"خوف",1
"خياط",1
"خياطيشتمل",1
"خيال",1
"خيزور",1
"خيل",1
"خيول",1
"د",1
"دارسو",1
"داع",1
"دانيمرك",1
"دة",1
"دجاج",1
"در",1
"درج",1
"دروزةمن",1
"دع",1
"دعو",1
"دفع",1
"دلائل",1
"دم",1
"دمشقيطبع",1
"دنادش",1
"دنيو",1
"دهر",1
"دواب",1
"دوار",1
"دوان",1
"دوبار",1
"دي",1
"ديكتوغراف",1
"دينالوطواط",1
"دينص",1
"دينور",1
"ديواناحمد",1
"ديوانالرصاف",1
"ذاتخمسةفصول",1
"ذخيرةلابن",1
"ذرور",1
"ذل",1
"ذين",1
"رئو",1
"رئيس",1
"رائب",1
"رائد",1
"راسيطبع",1
"راق",1
"رباح",1
"رتم",1
"رثاتولستو",1
"رحلت",1
"رحيق",1
"رخص",1
"رخيص",1
"رذيل",1
"رزايا",1
"رسائلالجاحظ",1
"رسالةابن",1
"رسالةرشيد",1
"رسالةعبد",1
"رستم",1
"رسول",1
"رسوم",1
"رشديطبع",1
"رض",1
"رضيطبع",1
"رطيب",1
"رعا",1
"رعاد",1
"رعب",1
"رعد",1
"رفن",1
"رقص",1
"رقود",1
"ركاز",1
"ركوس",1
"رماد",1
"رمال",1
"رهبن",1
"روائح",1
"رواتب",1
"رواج",1
"رواياتشكسبير",1
"روايةاب",1
"روايت",1
"روزفلتوحرب",1
"روسل",1
"روضةجلق",1
"روكفلر",1
"ريح",1
"ريحاني",1
"ريشارد",1
"ريشر",1
"ريف",1
"زئبق",1
"زاجل",1
"زجل",1
"زحل",1
"زرازر",1
"زرنيخ",1
"زغلول",1
"زك",1
"زكام",1
"زلازل",1
"زلزل",1
"زمنى",1
"زنج",1
"زها",1
"زهير",1
"زوايا",1
"زي",1
"زياد",1
"زيت",1
"زيدانطبع",1
"زيدونوابن",1
"زين",1
"س",1
"سائح",1
"سائر",1
"سائغ",1
"سائل",1
"سابع",1
"ساج",1
"ساح",1
"ساكت",1
"سام",1
"سامر",1
"سان",1
"سباع",1
"سبر",1
"سبع",1
"سبيلسانح",1
"سبينوزا",1
"ستار",1
"سج",1
"سجع",1
"سحب",1
"سحر",1
"سد",1
"سذاجت",1
"سراج",1
"سراسر",1
"سرسم",1
"سرسمفيالموصلسن",1
"سرط",1
"سركيسطبع",1
"سروج",1
"سريان",1
"سعادةبمصرص",1
"سعال",1
"سقام",1
"سكانالهند",1
"سكانالولاي",1
"سكةطرابلس",1
"سكسك",1
"سكير",1
"سلاجق",1
"سلامفيبغدادسن",1
"سلانيك",1
"سلطانعبد",1
"سلطنةسن",1
"سلم",1
"سلوك",1
"سمائ",1
"سمر",1
"سمشون",1
"سمن",1
"سموم",1
"سمير",1
"سنتنا",1
"سند",1
"سنو",1
"سنور",1
"سنوس",1
"سو",1
"سواب",1
"سوجا",1
"سودا",1
"سوريةفيس",1
"سويدوالشرق",1
"سويس",1
"سويسراوالغربا",1
"سيار",1
"سياست",1
"سيدجمال",1
"سيراف",1
"سيسمولوجيا",1
"سيم",1
"سينا",1
"سينما",1
"شاب",1
"شابندرببغدادسن",1
"شاح",1
"شاسع",1
"شاف",1
"شافع",1
"شامبدمشقسن",1
"شامبدمشقص",1
"شامسن",1
"شاهق",1
"شب",1
"شباك",1
"شبث",1
"شبل",1
"شتا",1
"شج",1
"شذر",1
"شذور",1
"شر",1
"شرائعللامام",1
"شرحعز",1
"شرقاط",1
"شرقينصيح",1
"شرو",1
"شعيب",1
"شعير",1
"شف",1
"شفاف",1
"شقاؤ",1
"شكر",1
"شكلا",1
"شلاش",1
"شماخ",1
"شمثون",1
"شميل",1
"شنقيطيطبع",1
"شهرستانيطبع",1
"شهق",1
"شو",1
"شوارع",1
"شواهد",1
"شورا",1
"شورى",1
"شوندر",1
"شي",1
"شيخاحمدرضانشرت",1
"شيخعبد",1
"شيخينفليبوفريد",1
"شيراز",1
"شيرازيالمتوفى",1
"شيط",1
"شيلر",1
"شيوخ",1
"صابون",1
"صابونيطبع",1
"صاعد",1
"صاف",1
"صافن",1
"صايا",1
"صباح",1
"صبح",1
"صبر",1
"صبرفيجونيةمنلبنانسن",1
"صج",1
"صحافتنا",1
"صحافتهم",1
"صححهمحمد",1
"صحيحا",1
"صدا",1
"صدورالمقتبس",1
"صديق",1
"صريح",1
"صريع",1
"صغرى",1
"صف",1
"صفايح",1
"صفحات",1
"صفد",1
"صفرا",1
"صفو",1
"صقل",1
"صقليةسن",1
"صلع",1
"صمم",1
"صموئيل",1
"صناديق",1
"صنع",1
"صنعهاب",1
"صياد",1
"صيان",1
"صيت",1
"ضا",1
"ضابط",1
"ضاح",1
"ضباب",1
"ضبط",1
"ضخام",1
"ضرور",1
"ضص",1
"ضعاف",1
"ضعفا",1
"ضوطبع",1
"طار",1
"طاف",1
"طالبعل",1
"طالع",1
"طاهر",1
"طبعا",1
"طبغ",1
"طح",1
"طراد",1
"طرد",1
"طفل",1
"طلق",1
"طلوع",1
"طن",1
"طنينفيدار",1
"طهار",1
"طهارةبرل",1
"طوابع",1
"طواس",1
"طواف",1
"طوال",1
"طوتم",1
"ظا",1
"ظلام",1
"عائل",1
"عائم",1
"عابدو",1
"عارف",1
"عاقب",1
"عانس",1
"عاه",1
"عباد",1
"عباسي",1
"عبراني",1
"عتاب",1
"عثمانيةفيبعبدالبنانسن",1
"عجم",1
"عداد",1
"عداو",1
"عدل",1
"عدو",1
"عدوى",1
"عديم",1
"عذرا",1
"عربيةف",1
"عرفانفيصيداسن",1
"عسافمرع",1
"عساكرعن",1
"عسقلان",1
"عسكر",1
"عسكريةفيالاستانةسن",1
"عصاب",1
"عصب",1
"عصريةببيروتص",1
"عصريةفيبيروتص",1
"عصور",1
"عضو",1
"عطايا",1
"عطور",1
"عظمىسن",1
"عف",1
"عقائد",1
"عقار",1
"عقلي",1
"عقوب",1
"عقول",1
"عقيلةملك",1
"عكا",1
"علاقت",1
"علماؤنا",1
"علمان",1
"علميةبمصر",1
"علميةفيبيروتسن",1
"علومفيحيدراباددكن",1
"علىالشيخطاهرالجزائريطبع",1
"عليا",1
"عليطبع",1
"عليهما",1
"عماد",1
"عمد",1
"عمرانالولاي",1
"عموميةفيبيروت",1
"عمى",1
"عنتر",1
"عنجوس",1
"عنديلدز",1
"عنصر",1
"عنيت",1
"عهد",1
"عهر",1
"عوامل",1
"عيد",1
"عيسى",1
"عيش",1
"غاز",1
"غال",1
"غالب",1
"غد",1
"غدائر",1
"غدد",1
"غرس",1
"غروب",1
"غزل",1
"غست",1
"غش",1
"غصن",1
"غضب",1
"غل",1
"غلابينيطبع",1
"غلو",1
"غوان",1
"غوتهلمنجامع",1
"غوط",1
"غياث",1
"فاراب",1
"فارجابيد",1
"فارس",1
"فارسنشرتهالمكتب",1
"فاسد",1
"فاصبر",1
"فاطم",1
"فاظ",1
"فتاو",1
"فتاوى",1
"فتر",1
"فتنتهم",1
"فتو",1
"فجر",1
"فحول",1
"فر",1
"فرائض",1
"فراس",1
"فراش",1
"فرنساو",1
"فرنسوي",1
"فرنسي",1
"فروق",1
"فسيفسا",1
"فصحى",1
"فصل",1
"فصول",1
"فضلا",1
"فضيل",1
"فظائع",1
"فقبل",1
"فقيد",1
"فكتوريا",1
"فلا",1
"فلاك",1
"فلز",1
"فلسط",1
"فلسفةتولتسو",1
"فلك",1
"فند",1
"فنغراف",1
"فنلند",1
"فنلندا",1
"فهرس",1
"فواك",1
"فوسف",1
"فيالدانيمارك",1
"فيالكونغو",1
"فيالمانيا",1
"فياوربا",1
"فيباريزسن",1
"فيباريسسن",1
"فيبطرسبرج",1
"فيبلرم",1
"فيثلاثةاجزا",1
"فيحابدمشقص",1
"فيخمسسن",1
"فيخمسينقرنا",1
"فير",1
"فيروسيا",1
"فيرومانيا",1
"فيسلانيك",1
"فيسويسرا",1
"فيل",1
"فيليب",1
"فيمن",1
"فينروج",1
"فينيق",1
"قائع",1
"قادرافنديالمغرب",1
"قارح",1
"قاسميويل",1
"قاطر",1
"قام",1
"قبع",1
"قتل",1
"قتلى",1
"قدسوتواريخ",1
"قدسيطبع",1
"قدم",1
"قرائح",1
"قرانا",1
"قراهم",1
"قرطاجن",1
"قرود",1
"قريب",1
"قسو",1
"قشقلند",1
"قص",1
"قصاص",1
"قصور",1
"قضات",1
"قضب",1
"قطط",1
"قطوف",1
"قعود",1
"قفل",1
"قل",1
"قلقشند",1
"قلوب",1
"قمام",1
"قمحةطبع",1
"قنائ",1
"قناعتفيالاستانةسن",1
"قنب",1
"قوائم",1
"قواعد",1
"قوةالولاي",1
"قومي",1
"قوميتنا",1
"قيام",1
"قيلول",1
"قيود",1
"ك",1
"كائن",1
"كاثوليكيةفيبيروتسن",1
"كاثوليكيةفيبيروتص",1
"كارلايل",1
"كارنيجيوالسلام",1
"كاروب",1
"كاسان",1
"كاف",1
"كالا",1
"كامل",1
"كامن",1
"كانوا",1
"كبر",1
"كبري",1
"كبريت",1
"كبيرللحافظاب",1
"كتابالفبا",1
"كتابخصائص",1
"كتاتيب",1
"كتباحمدزكيباشاالمصر",1
"كتبيبول",1
"كذب",1
"كر",1
"كرب",1
"كرد",1
"كردست",1
"كرك",1
"كرملبحيفاص",1
"كرنج",1
"كرومر",1
"كسب",1
"كسرى",1
"كشغر",1
"كشف",1
"كعب",1
"كفيف",1
"كفيقزانروسياسن",1
"كلامتاليف",1
"كلايت",1
"كلونديك",1
"كليةجنيف",1
"كن",1
"كنان",1
"كندينشر",1
"كنديوذيل",1
"كنس",1
"كواكب",1
"كوتنرفيباريزف",1
"كوتنزبباريزص",1
"كوري",1
"كولريج",1
"كولم",1
"كولمبيافينيويوركوطبعهبول",1
"كونتوفلسفت",1
"كونفوشيوس",1
"لائم",1
"لابد",1
"لات",1
"لاتقا",1
"لاحكام",1
"لاحمد",1
"لاد",1
"لارخميدس",1
"لاسك",1
"لاسكاوي",1
"لالفونس",1
"لاما",1
"لامنس",1
"لامير",1
"لبلوغ",1
"لبنانتعريب",1
"لبوللروابوليوالاقتصاد",1
"لتصحيح",1
"لتطهير",1
"لجرجيافنديينيطبععلى",1
"لجميلافنديمعلوفطبع",1
"لجميلصدقيافنديالزهاويطبعت",1
"لحى",1
"لخليل",1
"لخليلافنديالخوريطبع",1
"لدسائس",1
"لدني",1
"لرصد",1
"لزوم",1
"لزومي",1
"لشاتل",1
"لشاتليهطبع",1
"لصاحب",1
"لصاحبالمقتبسمحمدكرد",1
"لصادقباشاالمؤيدوتعريبرفيقبكالعظموحقيبكالعظم",1
"لطائف",1
"لطالب",1
"لطيف",1
"لعب",1
"لعل",1
"لغتنا",1
"لغو",1
"لغورك",1
"لغوي",1
"لفاف",1
"لفح",1
"لفظ",1
"لقاض",1
"لقط",1
"لكحول",1
"لمؤلف",1
"لمؤلفهالسيد",1
"لمؤلفهالشيخ",1
"لمؤلفهامحمد",1
"لمؤلفهمحمدروحيبكالخالديومصححهالسيدحسينوصفيرضاطبع",1
"لمحمد",1
"لمحمود",1
"لمصحح",1
"لمع",1
"لمنشئ",1
"لناشرهما",1
"لندرا",1
"لندن",1
"لهافنديمخلصطبع",1
"لهجات",1
"لهف",1
"لوا",1
"لوائح",1
"لواسط",1
"لوب",1
"لورد",1
"لوع",1
"لون",1
"ليال",1
"ليلي",1
"ليمنولوج",1
"مؤتمرهم",1
"مؤقت",1
"مؤلفو",1
"مؤمنينعل",1
"مؤوف",1
"مؤيدبمصر",1
"مائل",1
"مار",1
"ماس",1
"ماكول",1
"مالط",1
"مالك",1
"مالوش",1
"مالوف",1
"ماليتنا",1
"مان",1
"مانش",1
"مانياوكليات",1
"ماه",1
"مباهج",1
"مبر",1
"مبعوث",1
"مبيد",1
"مت",1
"متادب",1
"متحارب",1
"متحضر",1
"متشرد",1
"متشكل",1
"متشل",1
"متقدم",1
"متلمظ",1
"متمرد",1
"متملط",1
"متوسطو",1
"مثري",1
"مثنى",1
"مثني",1
"مجاز",1
"مجالس",1
"مجامع",1
"مجلةالمقتطف",1
"مجلس",1
"مجود",1
"محار",1
"محاكم",1
"محال",1
"محاور",1
"محاويج",1
"محاير",1
"محب",1
"محترف",1
"محرر",1
"محسوس",1
"محط",1
"محظور",1
"محمدوطبع",1
"محمود",1
"محن",1
"محو",1
"محيط",1
"مخازن",1
"مخترع",1
"مختصر",1
"مختلط",1
"مختوم",1
"مخدر",1
"مخيم",1
"مد",1
"مدائن",1
"مدارسنا",1
"مدبر",1
"مدح",1
"مدخن",1
"مدراس",1
"مدف",1
"مدفئ",1
"مدهش",1
"مدود",1
"مذخور",1
"مرادفات",1
"مراسل",1
"مراع",1
"مراقب",1
"مرجليوث",1
"مرحومالشيخ",1
"مرداني",1
"مرشد",1
"مرضى",1
"مركز",1
"مرو",1
"مزارع",1
"مزايا",1
"مزدوجةلواضعهاالياس",1
"مزهر",1
"مسائل",1
"مساس",1
"مساك",1
"مسالك",1
"مسامر",1
"مساوئ",1
"مساوا",1
"مستحم",1
"مستخدم",1
"مستدرك",1
"مستر",1
"مستشرق",1
"مستشفى",1
"مستصفى",1
"مستظرف",1
"مستقيم",1
"مستكف",1
"مسح",1
"مسعود",1
"مسكت",1
"مسلمينللسيد",1
"مسلوك",1
"مسلول",1
"مسمع",1
"مسموم",1
"مسمي",1
"مسيح",1
"مسير",1
"مسيورنيدوسو",1
"مسيوكليمانهوارجز",1
"مش",1
"مشؤم",1
"مشؤوم",1
"مشاربهم",1
"مشاع",1
"مشاهد",1
"مشاهدبرل",1
"مشاهير",1
"مشايخ",1
"مشترك",1
"مشتمل",1
"مشعوذ",1
"مشهد",1
"مشوق",1
"مشيب",1
"مصائب",1
"مصافح",1
"مصروحال",1
"مصريةاولاص",1
"مصطلح",1
"مصقول",1
"مصلح",1
"مصنف",1
"مصنوع",1
"مصوبع",1
"مصير",1
"مضحك",1
"مضغ",1
"مطاع",1
"مطاعن",1
"مطبخ",1
"مطبوعاتنا",1
"مطر",1
"مطفف",1
"مطلق",1
"مظل",1
"معابد",1
"معاشر",1
"معالم",1
"معان",1
"معاو",1
"معاود",1
"معبد",1
"معتبر",1
"معتزل",1
"معتوه",1
"معجب",1
"معريوشپنهاور",1
"معقول",1
"معكرون",1
"معلوفاليسوع",1
"معمل",1
"معنى",1
"معهد",1
"معون",1
"مغامرطبع",1
"مغانم",1
"مغمور",1
"مغنطيس",1
"مفاصل",1
"مفاوض",1
"مفسر",1
"مفصل",1
"مفضلي",1
"مفلوك",1
"مفيد",1
"مقابرالمصري",1
"مقابس",1
"مقالةالفصيح",1
"مقبل",1
"مقتبسسن",1
"مقتصد",1
"مقطمبمصرسن",1
"مقفعف",1
"مقفعنشرهاحمدزكيباشا",1
"مقلد",1
"مقيم",1
"مكا",1
"مكاتيب",1
"مكارم",1
"مكتشف",1
"مكرر",1
"مكرم",1
"ملاجئ",1
"ملاح",1
"ملبس",1
"ملخص",1
"ملقى",1
"ممثل",1
"ممثلو",1
"ممدود",1
"ممرض",1
"مميز",1
"مناجا",1
"مناجم",1
"مناخ",1
"مناربمصرسن",1
"منارفيالقاهرةسن",1
"مناظر",1
"مناظرفيس",1
"مناقضا",1
"منبر",1
"منتحر",1
"منتدى",1
"منجد",1
"منجم",1
"مندوما",1
"منذر",1
"منسوب",1
"منش",1
"منطاد",1
"منطق",1
"منطقللرئيساب",1
"منظوم",1
"منع",1
"منغم",1
"منفيس",1
"منقلب",1
"منى",1
"مهد",1
"مهلك",1
"مهم",1
"مهمل",1
"مواد",1
"موارد",1
"مواز",1
"مواش",1
"مواعظ",1
"مواليح",1
"مواليد",1
"موان",1
"موجز",1
"مور",1
"مورو",1
"موسويالسيد",1
"موسيق",1
"موسيقي",1
"موصل",1
"موصليطبعت",1
"موضوع",1
"موظفو",1
"موظفوفرنسا",1
"موقع",1
"مولد",1
"موميا",1
"مونو",1
"ميا",1
"مير",1
"ميلاد",1
"مينا",1
"نابلس",1
"ناج",1
"نادرف",1
"ناشئ",1
"ناصر",1
"ناصفسن",1
"ناطق",1
"ناقل",1
"ناكل",1
"ناموس",1
"نايف",1
"نبذ",1
"نبراس",1
"نبوغ",1
"نت",1
"نثر",1
"نجا",1
"نجع",1
"نحا",1
"نحاس",1
"نحام",1
"نحسن",1
"نرد",1
"نزل",1
"نسائ",1
"نسائي",1
"نسر",1
"نسم",1
"نسيم",1
"نشرالابلويسشيخوطبع",1
"نشرت",1
"نصير",1
"نظار",1
"نظاف",1
"نظيف",1
"نعسان",1
"نعسانطبع",1
"نعم",1
"نفح",1
"نفط",1
"نفقاتهم",1
"نفقةاحمد",1
"نفقةالمطبع",1
"نفقةسيد",1
"نفقةمصطفىافنديالمكاو",1
"نفقةيوسف",1
"نفيس",1
"نقدالمقتبس",1
"نقرس",1
"نقم",1
"نقود",1
"نك",1
"نكارترالماس",1
"نمو",1
"نوابغ",1
"نواد",1
"نوبل",1
"نوراستينيا",1
"نياب",1
"نينوى",1
"نيويوركص",1
"هاشم",1
"هج",1
"هجن",1
"هر",1
"هربا",1
"هرسك",1
"هرم",1
"هشام",1
"هص",1
"هضم",1
"هفنر",1
"هلام",1
"هلك",1
"هملت",1
"هموم",1
"هندطبع",1
"هنديةبالموسكيبمصرسن",1
"هنر",1
"هوائ",1
"هوام",1
"هولاند",1
"هيئ",1
"هيتي",1
"واجب",1
"واسع",1
"واسعيطبع",1
"واف",1
"وثن",1
"وح",1
"وحظ",1
"وراث",1
"وراد",1
"ورد",1
"وزير",1
"وساط",1
"وسطى",1
"وسو",1
"وسيط",1
"وعا",1
"وقا",1
"وقاد",1
"وقت",1
"ول",1
"ولاد",1
"وليد",1
"وهاب",1
"ويل",1
"ىاب",1
"ىالبرازيل",1
"ىالبصرةوجوار",1
"يابانالحديث",1
"يازج",1
"ياس",1
"ياف",1
"ياقوت",1
"يتفق",1
"يتنبا",1
"يتولى",1
"يجر",1
"يحارب",1
"يحتو",1
"يحلو",1
"يحيى",1
"يختلف",1
"يدو",1
"يس",1
"يسر",1
"يسوعي",1
"يسوعيينفيبيروتسن",1
"يسيح",1
"يشرب",1
"يض",1
"يعقوب",1
"يعقوبيمجلدانف",1
"يفتح",1
"يقال",1
"يقتض",1
"يقظت",1
"يمان",1
"ينشئ",1
"ينفجر",1
"يها",1
"يواكيم",1
"يوسفطبع",1
"يوما",1
